,mean_fit_time,std_fit_time,mean_score_time,std_score_time,param_alpha,param_hidden_layer_sizes,param_random_state,params,split0_test_score,mean_test_score,std_test_score,rank_test_score,split0_train_score,mean_train_score,std_train_score
146,6.6269965171813965,0.0,0.00400233268737793,0.0,0.1,"(128,)",2,"{'alpha': 0.1, 'hidden_layer_sizes': (128,), 'random_state': 2}",0.7816666666666667,0.7816666666666667,0.0,1,1.0,1.0,0.0
286,17.65100646018982,0.0,0.013990163803100586,0.0,1000.0,"(1024,)",2,"{'alpha': 1000.0, 'hidden_layer_sizes': (1024,), 'random_state': 2}",0.7400000000000001,0.7400000000000001,0.0,2,0.8070833333333334,0.8070833333333334,0.0
154,4.537008047103882,0.0,0.008994817733764648,0.0,0.1,"(512,)",2,"{'alpha': 0.1, 'hidden_layer_sizes': (512,), 'random_state': 2}",0.715,0.715,0.0,3,1.0,1.0,0.0
58,4.507096529006958,0.0,0.006999969482421875,0.0,0.0001,"(512,)",2,"{'alpha': 0.0001, 'hidden_layer_sizes': (512,), 'random_state': 2}",0.7133333333333334,0.7133333333333334,0.0,4,1.0,1.0,0.0
122,4.6000001430511475,0.0,0.009999275207519531,0.0,0.01,"(512,)",2,"{'alpha': 0.01, 'hidden_layer_sizes': (512,), 'random_state': 2}",0.7133333333333334,0.7133333333333334,0.0,4,1.0,1.0,0.0
90,4.52700138092041,0.0,0.008002996444702148,0.0,0.001,"(512,)",2,"{'alpha': 0.001, 'hidden_layer_sizes': (512,), 'random_state': 2}",0.7133333333333334,0.7133333333333334,0.0,4,1.0,1.0,0.0
26,4.532998085021973,0.0,0.00800323486328125,0.0,1e-05,"(512,)",2,"{'alpha': 1e-05, 'hidden_layer_sizes': (512,), 'random_state': 2}",0.7133333333333334,0.7133333333333334,0.0,4,1.0,1.0,0.0
159,8.924000263214111,0.0,0.014003276824951172,0.0,0.1,"(1024,)",3,"{'alpha': 0.1, 'hidden_layer_sizes': (1024,), 'random_state': 3}",0.7066666666666667,0.7066666666666667,0.0,8,1.0,1.0,0.0
30,9.158318996429443,0.0,0.015002012252807617,0.0,1e-05,"(1024,)",2,"{'alpha': 1e-05, 'hidden_layer_sizes': (1024,), 'random_state': 2}",0.7000000000000001,0.7000000000000001,0.0,9,1.0,1.0,0.0
94,9.029996633529663,0.0,0.016002416610717773,0.0,0.001,"(1024,)",2,"{'alpha': 0.001, 'hidden_layer_sizes': (1024,), 'random_state': 2}",0.7000000000000001,0.7000000000000001,0.0,9,1.0,1.0,0.0
62,9.036991357803345,0.0,0.01600503921508789,0.0,0.0001,"(1024,)",2,"{'alpha': 0.0001, 'hidden_layer_sizes': (1024,), 'random_state': 2}",0.6983333333333333,0.6983333333333333,0.0,11,1.0,1.0,0.0
42,1.0260000228881836,0.0,0.0029985904693603516,0.0,0.0001,"(32,)",2,"{'alpha': 0.0001, 'hidden_layer_sizes': (32,), 'random_state': 2}",0.6983333333333333,0.6983333333333333,0.0,11,1.0,1.0,0.0
126,9.179998874664307,0.0,0.016000032424926758,0.0,0.01,"(1024,)",2,"{'alpha': 0.01, 'hidden_layer_sizes': (1024,), 'random_state': 2}",0.69,0.69,0.0,13,1.0,1.0,0.0
158,9.063625812530518,0.0,0.014002561569213867,0.0,0.1,"(1024,)",2,"{'alpha': 0.1, 'hidden_layer_sizes': (1024,), 'random_state': 2}",0.69,0.69,0.0,13,1.0,1.0,0.0
186,126.11825060844421,0.0,0.008012056350708008,0.0,1.0,"(512,)",2,"{'alpha': 1.0, 'hidden_layer_sizes': (512,), 'random_state': 2}",0.685,0.685,0.0,15,1.0,1.0,0.0
28,19.33937644958496,0.0,0.014012813568115234,0.0,1e-05,"(1024,)",0,"{'alpha': 1e-05, 'hidden_layer_sizes': (1024,), 'random_state': 0}",0.6849999999999999,0.6849999999999999,0.0,16,1.0,1.0,0.0
105,0.985999584197998,0.0,0.003000020980834961,0.0,0.01,"(32,)",1,"{'alpha': 0.01, 'hidden_layer_sizes': (32,), 'random_state': 1}",0.6833333333333332,0.6833333333333332,0.0,17,1.0,1.0,0.0
176,10.31899881362915,0.0,0.003001689910888672,0.0,1.0,"(128,)",0,"{'alpha': 1.0, 'hidden_layer_sizes': (128,), 'random_state': 0}",0.6833333333333332,0.6833333333333332,0.0,17,1.0,1.0,0.0
60,19.563999891281128,0.0,0.011998414993286133,0.0,0.0001,"(1024,)",0,"{'alpha': 0.0001, 'hidden_layer_sizes': (1024,), 'random_state': 0}",0.6833333333333332,0.6833333333333332,0.0,17,1.0,1.0,0.0
191,162.09690713882446,0.0,0.01600170135498047,0.0,1.0,"(1024,)",3,"{'alpha': 1.0, 'hidden_layer_sizes': (1024,), 'random_state': 3}",0.6783333333333333,0.6783333333333333,0.0,20,1.0,1.0,0.0
172,12.011998653411865,0.0,0.002999544143676758,0.0,1.0,"(64,)",0,"{'alpha': 1.0, 'hidden_layer_sizes': (64,), 'random_state': 0}",0.6766666666666667,0.6766666666666667,0.0,21,1.0,1.0,0.0
188,320.6751341819763,0.0,0.01299595832824707,0.0,1.0,"(1024,)",0,"{'alpha': 1.0, 'hidden_layer_sizes': (1024,), 'random_state': 0}",0.6766666666666667,0.6766666666666667,0.0,21,1.0,1.0,0.0
92,19.642141819000244,0.0,0.015002250671386719,0.0,0.001,"(1024,)",0,"{'alpha': 0.001, 'hidden_layer_sizes': (1024,), 'random_state': 0}",0.6766666666666666,0.6766666666666666,0.0,23,1.0,1.0,0.0
156,19.293529510498047,0.0,0.013005256652832031,0.0,0.1,"(1024,)",0,"{'alpha': 0.1, 'hidden_layer_sizes': (1024,), 'random_state': 0}",0.6766666666666666,0.6766666666666666,0.0,23,1.0,1.0,0.0
173,8.415013551712036,0.0,0.0030031204223632812,0.0,1.0,"(64,)",1,"{'alpha': 1.0, 'hidden_layer_sizes': (64,), 'random_state': 1}",0.6750000000000002,0.6750000000000002,0.0,25,1.0,1.0,0.0
179,19.78601884841919,0.0,0.004001140594482422,0.0,1.0,"(128,)",3,"{'alpha': 1.0, 'hidden_layer_sizes': (128,), 'random_state': 3}",0.6750000000000002,0.6750000000000002,0.0,25,1.0,1.0,0.0
175,10.880991697311401,0.0,0.0030007362365722656,0.0,1.0,"(64,)",3,"{'alpha': 1.0, 'hidden_layer_sizes': (64,), 'random_state': 3}",0.6749999999999999,0.6749999999999999,0.0,27,1.0,1.0,0.0
95,7.254000902175903,0.0,0.013999462127685547,0.0,0.001,"(1024,)",3,"{'alpha': 0.001, 'hidden_layer_sizes': (1024,), 'random_state': 3}",0.6733333333333333,0.6733333333333333,0.0,28,1.0,1.0,0.0
178,19.9110004901886,0.0,0.0030002593994140625,0.0,1.0,"(128,)",2,"{'alpha': 1.0, 'hidden_layer_sizes': (128,), 'random_state': 2}",0.6733333333333333,0.6733333333333333,0.0,28,1.0,1.0,0.0
31,7.122373342514038,0.0,0.013995647430419922,0.0,1e-05,"(1024,)",3,"{'alpha': 1e-05, 'hidden_layer_sizes': (1024,), 'random_state': 3}",0.6733333333333333,0.6733333333333333,0.0,28,1.0,1.0,0.0
127,7.022012710571289,0.0,0.013991594314575195,0.0,0.01,"(1024,)",3,"{'alpha': 0.01, 'hidden_layer_sizes': (1024,), 'random_state': 3}",0.6733333333333333,0.6733333333333333,0.0,28,1.0,1.0,0.0
180,44.1209921836853,0.0,0.0049991607666015625,0.0,1.0,"(256,)",0,"{'alpha': 1.0, 'hidden_layer_sizes': (256,), 'random_state': 0}",0.6733333333333333,0.6733333333333333,0.0,28,1.0,1.0,0.0
63,7.182005405426025,0.0,0.01199483871459961,0.0,0.0001,"(1024,)",3,"{'alpha': 0.0001, 'hidden_layer_sizes': (1024,), 'random_state': 3}",0.6733333333333333,0.6733333333333333,0.0,28,1.0,1.0,0.0
155,4.271000146865845,0.0,0.009012222290039062,0.0,0.1,"(512,)",3,"{'alpha': 0.1, 'hidden_layer_sizes': (512,), 'random_state': 3}",0.6733333333333332,0.6733333333333332,0.0,34,1.0,1.0,0.0
73,1.1549973487854004,0.0,0.003001689910888672,0.0,0.001,"(32,)",1,"{'alpha': 0.001, 'hidden_layer_sizes': (32,), 'random_state': 1}",0.6716666666666667,0.6716666666666667,0.0,35,1.0,1.0,0.0
27,4.029997825622559,0.0,0.007000446319580078,0.0,1e-05,"(512,)",3,"{'alpha': 1e-05, 'hidden_layer_sizes': (512,), 'random_state': 3}",0.6699999999999999,0.6699999999999999,0.0,36,1.0,1.0,0.0
59,4.172009468078613,0.0,0.008989810943603516,0.0,0.0001,"(512,)",3,"{'alpha': 0.0001, 'hidden_layer_sizes': (512,), 'random_state': 3}",0.6699999999999999,0.6699999999999999,0.0,36,1.0,1.0,0.0
91,4.180999517440796,0.0,0.009004831314086914,0.0,0.001,"(512,)",3,"{'alpha': 0.001, 'hidden_layer_sizes': (512,), 'random_state': 3}",0.6699999999999999,0.6699999999999999,0.0,36,1.0,1.0,0.0
115,1.6769986152648926,0.0,0.0030012130737304688,0.0,0.01,"(128,)",3,"{'alpha': 0.01, 'hidden_layer_sizes': (128,), 'random_state': 3}",0.6699999999999999,0.6699999999999999,0.0,36,1.0,1.0,0.0
185,191.06597542762756,0.0,0.009001016616821289,0.0,1.0,"(512,)",1,"{'alpha': 1.0, 'hidden_layer_sizes': (512,), 'random_state': 1}",0.6699999999999999,0.6699999999999999,0.0,36,1.0,1.0,0.0
47,1.123997449874878,0.0,0.0030012130737304688,0.0,0.0001,"(64,)",3,"{'alpha': 0.0001, 'hidden_layer_sizes': (64,), 'random_state': 3}",0.6699999999999999,0.6699999999999999,0.0,36,1.0,1.0,0.0
144,1.4359991550445557,0.0,0.004000663757324219,0.0,0.1,"(128,)",0,"{'alpha': 0.1, 'hidden_layer_sizes': (128,), 'random_state': 0}",0.6683333333333333,0.6683333333333333,0.0,42,1.0,1.0,0.0
123,4.162327766418457,0.0,0.009000778198242188,0.0,0.01,"(512,)",3,"{'alpha': 0.01, 'hidden_layer_sizes': (512,), 'random_state': 3}",0.6683333333333333,0.6683333333333333,0.0,42,1.0,1.0,0.0
207,8.860996961593628,0.0,0.002000570297241211,0.0,10.0,"(64,)",3,"{'alpha': 10.0, 'hidden_layer_sizes': (64,), 'random_state': 3}",0.6666666666666666,0.6666666666666666,0.0,44,1.0,1.0,0.0
152,42.10101008415222,0.0,0.010002851486206055,0.0,0.1,"(512,)",0,"{'alpha': 0.1, 'hidden_layer_sizes': (512,), 'random_state': 0}",0.6666666666666666,0.6666666666666666,0.0,44,1.0,1.0,0.0
208,16.921009063720703,0.0,0.003000497817993164,0.0,10.0,"(128,)",0,"{'alpha': 10.0, 'hidden_layer_sizes': (128,), 'random_state': 0}",0.6666666666666666,0.6666666666666666,0.0,44,1.0,1.0,0.0
209,16.304999589920044,0.0,0.004000425338745117,0.0,10.0,"(128,)",1,"{'alpha': 10.0, 'hidden_layer_sizes': (128,), 'random_state': 1}",0.665,0.665,0.0,47,1.0,1.0,0.0
120,4.343996286392212,0.0,0.009001016616821289,0.0,0.01,"(512,)",0,"{'alpha': 0.01, 'hidden_layer_sizes': (512,), 'random_state': 0}",0.665,0.665,0.0,47,1.0,1.0,0.0
124,19.882019519805908,0.0,0.014002323150634766,0.0,0.01,"(1024,)",0,"{'alpha': 0.01, 'hidden_layer_sizes': (1024,), 'random_state': 0}",0.665,0.665,0.0,47,1.0,1.0,0.0
222,320.2949266433716,0.0,0.014005184173583984,0.0,10.0,"(1024,)",2,"{'alpha': 10.0, 'hidden_layer_sizes': (1024,), 'random_state': 2}",0.6633333333333334,0.6633333333333334,0.0,50,1.0,1.0,0.0
202,4.864997863769531,0.0,0.003000497817993164,0.0,10.0,"(32,)",2,"{'alpha': 10.0, 'hidden_layer_sizes': (32,), 'random_state': 2}",0.6633333333333334,0.6633333333333334,0.0,50,1.0,1.0,0.0
210,14.197999954223633,0.0,0.0030002593994140625,0.0,10.0,"(128,)",2,"{'alpha': 10.0, 'hidden_layer_sizes': (128,), 'random_state': 2}",0.6633333333333333,0.6633333333333333,0.0,52,1.0,1.0,0.0
220,328.86268854141235,0.0,0.011999130249023438,0.0,10.0,"(1024,)",0,"{'alpha': 10.0, 'hidden_layer_sizes': (1024,), 'random_state': 0}",0.6633333333333333,0.6633333333333333,0.0,52,1.0,1.0,0.0
219,113.54782581329346,0.0,0.009000301361083984,0.0,10.0,"(512,)",3,"{'alpha': 10.0, 'hidden_layer_sizes': (512,), 'random_state': 3}",0.6633333333333333,0.6633333333333333,0.0,52,1.0,1.0,0.0
216,120.800541639328,0.0,0.00800180435180664,0.0,10.0,"(512,)",0,"{'alpha': 10.0, 'hidden_layer_sizes': (512,), 'random_state': 0}",0.6633333333333333,0.6633333333333333,0.0,52,1.0,1.0,0.0
203,5.565989255905151,0.0,0.0029997825622558594,0.0,10.0,"(32,)",3,"{'alpha': 10.0, 'hidden_layer_sizes': (32,), 'random_state': 3}",0.6616666666666667,0.6616666666666667,0.0,56,1.0,1.0,0.0
213,51.0764217376709,0.0,0.0039997100830078125,0.0,10.0,"(256,)",1,"{'alpha': 10.0, 'hidden_layer_sizes': (256,), 'random_state': 1}",0.6616666666666667,0.6616666666666667,0.0,56,1.0,1.0,0.0
212,38.611125469207764,0.0,0.005002260208129883,0.0,10.0,"(256,)",0,"{'alpha': 10.0, 'hidden_layer_sizes': (256,), 'random_state': 0}",0.6616666666666667,0.6616666666666667,0.0,56,1.0,1.0,0.0
230,4.600993633270264,0.0,0.002000093460083008,0.0,100.0,"(16,)",2,"{'alpha': 100.0, 'hidden_layer_sizes': (16,), 'random_state': 2}",0.6616666666666667,0.6616666666666667,0.0,56,1.0,1.0,0.0
223,239.67445278167725,0.0,0.013009786605834961,0.0,10.0,"(1024,)",3,"{'alpha': 10.0, 'hidden_layer_sizes': (1024,), 'random_state': 3}",0.6616666666666667,0.6616666666666667,0.0,56,1.0,1.0,0.0
214,33.68501567840576,0.0,0.0060040950775146484,0.0,10.0,"(256,)",2,"{'alpha': 10.0, 'hidden_layer_sizes': (256,), 'random_state': 2}",0.6616666666666666,0.6616666666666666,0.0,61,1.0,1.0,0.0
218,109.81067109107971,0.0,0.008992910385131836,0.0,10.0,"(512,)",2,"{'alpha': 10.0, 'hidden_layer_sizes': (512,), 'random_state': 2}",0.6616666666666666,0.6616666666666666,0.0,61,1.0,1.0,0.0
201,5.022982835769653,0.0,0.0020012855529785156,0.0,10.0,"(32,)",1,"{'alpha': 10.0, 'hidden_layer_sizes': (32,), 'random_state': 1}",0.6616666666666666,0.6616666666666666,0.0,61,1.0,1.0,0.0
80,1.4000005722045898,0.0,0.0039997100830078125,0.0,0.001,"(128,)",0,"{'alpha': 0.001, 'hidden_layer_sizes': (128,), 'random_state': 0}",0.66,0.66,0.0,64,1.0,1.0,0.0
181,30.61402153968811,0.0,0.0050029754638671875,0.0,1.0,"(256,)",1,"{'alpha': 1.0, 'hidden_layer_sizes': (256,), 'random_state': 1}",0.66,0.66,0.0,64,1.0,1.0,0.0
232,9.571008682250977,0.0,0.0030012130737304688,0.0,100.0,"(32,)",0,"{'alpha': 100.0, 'hidden_layer_sizes': (32,), 'random_state': 0}",0.66,0.66,0.0,64,1.0,1.0,0.0
204,9.708012342453003,0.0,0.002988576889038086,0.0,10.0,"(64,)",0,"{'alpha': 10.0, 'hidden_layer_sizes': (64,), 'random_state': 0}",0.66,0.66,0.0,64,1.0,1.0,0.0
205,7.955518484115601,0.0,0.003000974655151367,0.0,10.0,"(64,)",1,"{'alpha': 10.0, 'hidden_layer_sizes': (64,), 'random_state': 1}",0.66,0.66,0.0,64,1.0,1.0,0.0
112,1.2950010299682617,0.0,0.0039997100830078125,0.0,0.01,"(128,)",0,"{'alpha': 0.01, 'hidden_layer_sizes': (128,), 'random_state': 0}",0.66,0.66,0.0,64,1.0,1.0,0.0
211,16.453522205352783,0.0,0.0030002593994140625,0.0,10.0,"(128,)",3,"{'alpha': 10.0, 'hidden_layer_sizes': (128,), 'random_state': 3}",0.66,0.66,0.0,64,1.0,1.0,0.0
16,1.3510003089904785,0.0,0.003999948501586914,0.0,1e-05,"(128,)",0,"{'alpha': 1e-05, 'hidden_layer_sizes': (128,), 'random_state': 0}",0.66,0.66,0.0,64,1.0,1.0,0.0
48,1.4049980640411377,0.0,0.0029985904693603516,0.0,0.0001,"(128,)",0,"{'alpha': 0.0001, 'hidden_layer_sizes': (128,), 'random_state': 0}",0.66,0.66,0.0,64,1.0,1.0,0.0
233,8.168998718261719,0.0,0.002999544143676758,0.0,100.0,"(32,)",1,"{'alpha': 100.0, 'hidden_layer_sizes': (32,), 'random_state': 1}",0.66,0.66,0.0,64,1.0,1.0,0.0
217,91.77402520179749,0.0,0.007998228073120117,0.0,10.0,"(512,)",1,"{'alpha': 10.0, 'hidden_layer_sizes': (512,), 'random_state': 1}",0.66,0.66,0.0,64,1.0,1.0,0.0
245,51.19902443885803,0.0,0.005015850067138672,0.0,100.0,"(256,)",1,"{'alpha': 100.0, 'hidden_layer_sizes': (256,), 'random_state': 1}",0.66,0.66,0.0,64,1.0,1.0,0.0
41,1.0169956684112549,0.0,0.002000093460083008,0.0,0.0001,"(32,)",1,"{'alpha': 0.0001, 'hidden_layer_sizes': (32,), 'random_state': 1}",0.66,0.66,0.0,64,1.0,1.0,0.0
243,30.0530002117157,0.0,0.0039997100830078125,0.0,100.0,"(128,)",3,"{'alpha': 100.0, 'hidden_layer_sizes': (128,), 'random_state': 3}",0.6599999999999999,0.6599999999999999,0.0,77,1.0,1.0,0.0
196,6.408998489379883,0.0,0.0019991397857666016,0.0,10.0,"(16,)",0,"{'alpha': 10.0, 'hidden_layer_sizes': (16,), 'random_state': 0}",0.6599999999999999,0.6599999999999999,0.0,77,1.0,1.0,0.0
177,21.62999963760376,0.0,0.00400090217590332,0.0,1.0,"(128,)",1,"{'alpha': 1.0, 'hidden_layer_sizes': (128,), 'random_state': 1}",0.6583333333333333,0.6583333333333333,0.0,79,1.0,1.0,0.0
242,31.307305812835693,0.0,0.00400090217590332,0.0,100.0,"(128,)",2,"{'alpha': 100.0, 'hidden_layer_sizes': (128,), 'random_state': 2}",0.6583333333333333,0.6583333333333333,0.0,79,1.0,1.0,0.0
76,1.0750017166137695,0.0,0.0030007362365722656,0.0,0.001,"(64,)",0,"{'alpha': 0.001, 'hidden_layer_sizes': (64,), 'random_state': 0}",0.6583333333333333,0.6583333333333333,0.0,79,1.0,1.0,0.0
170,5.725993394851685,0.0,0.0029997825622558594,0.0,1.0,"(32,)",2,"{'alpha': 1.0, 'hidden_layer_sizes': (32,), 'random_state': 2}",0.6583333333333333,0.6583333333333333,0.0,79,1.0,1.0,0.0
251,136.34817147254944,0.0,0.009010076522827148,0.0,100.0,"(512,)",3,"{'alpha': 100.0, 'hidden_layer_sizes': (512,), 'random_state': 3}",0.6583333333333333,0.6583333333333333,0.0,79,1.0,1.0,0.0
254,317.52280855178833,0.0,0.01298975944519043,0.0,100.0,"(1024,)",2,"{'alpha': 100.0, 'hidden_layer_sizes': (1024,), 'random_state': 2}",0.6583333333333333,0.6583333333333333,0.0,79,1.0,1.0,0.0
236,14.509544134140015,0.0,0.002013683319091797,0.0,100.0,"(64,)",0,"{'alpha': 100.0, 'hidden_layer_sizes': (64,), 'random_state': 0}",0.6583333333333333,0.6583333333333333,0.0,79,1.0,1.0,0.0
248,135.8116636276245,0.0,0.00699925422668457,0.0,100.0,"(512,)",0,"{'alpha': 100.0, 'hidden_layer_sizes': (512,), 'random_state': 0}",0.6583333333333333,0.6583333333333333,0.0,79,1.0,1.0,0.0
241,23.600000858306885,0.0,0.0029993057250976562,0.0,100.0,"(128,)",1,"{'alpha': 100.0, 'hidden_layer_sizes': (128,), 'random_state': 1}",0.6566666666666667,0.6566666666666667,0.0,87,1.0,1.0,0.0
81,1.2539918422698975,0.0,0.003998517990112305,0.0,0.001,"(128,)",1,"{'alpha': 0.001, 'hidden_layer_sizes': (128,), 'random_state': 1}",0.6566666666666667,0.6566666666666667,0.0,87,1.0,1.0,0.0
113,1.2699999809265137,0.0,0.003000497817993164,0.0,0.01,"(128,)",1,"{'alpha': 0.01, 'hidden_layer_sizes': (128,), 'random_state': 1}",0.6566666666666667,0.6566666666666667,0.0,87,1.0,1.0,0.0
246,85.36403274536133,0.0,0.005003452301025391,0.0,100.0,"(256,)",2,"{'alpha': 100.0, 'hidden_layer_sizes': (256,), 'random_state': 2}",0.6566666666666667,0.6566666666666667,0.0,87,1.0,1.0,0.0
88,4.27726149559021,0.0,0.00800180435180664,0.0,0.001,"(512,)",0,"{'alpha': 0.001, 'hidden_layer_sizes': (512,), 'random_state': 0}",0.6566666666666666,0.6566666666666666,0.0,91,1.0,1.0,0.0
255,188.3127875328064,0.0,0.014001607894897461,0.0,100.0,"(1024,)",3,"{'alpha': 100.0, 'hidden_layer_sizes': (1024,), 'random_state': 3}",0.6566666666666666,0.6566666666666666,0.0,91,1.0,1.0,0.0
252,349.1182246208191,0.0,0.012000083923339844,0.0,100.0,"(1024,)",0,"{'alpha': 100.0, 'hidden_layer_sizes': (1024,), 'random_state': 0}",0.6566666666666666,0.6566666666666666,0.0,91,1.0,1.0,0.0
250,112.56600904464722,0.0,0.011001110076904297,0.0,100.0,"(512,)",2,"{'alpha': 100.0, 'hidden_layer_sizes': (512,), 'random_state': 2}",0.6566666666666666,0.6566666666666666,0.0,91,1.0,1.0,0.0
182,52.92716360092163,0.0,0.005002260208129883,0.0,1.0,"(256,)",2,"{'alpha': 1.0, 'hidden_layer_sizes': (256,), 'random_state': 2}",0.6566666666666666,0.6566666666666666,0.0,91,1.0,1.0,0.0
239,10.858999729156494,0.0,0.003001689910888672,0.0,100.0,"(64,)",3,"{'alpha': 100.0, 'hidden_layer_sizes': (64,), 'random_state': 3}",0.6566666666666666,0.6566666666666666,0.0,91,1.0,1.0,0.0
229,7.0630011558532715,0.0,0.002001523971557617,0.0,100.0,"(16,)",1,"{'alpha': 100.0, 'hidden_layer_sizes': (16,), 'random_state': 1}",0.6566666666666666,0.6566666666666666,0.0,91,1.0,1.0,0.0
24,4.311992645263672,0.0,0.007999658584594727,0.0,1e-05,"(512,)",0,"{'alpha': 1e-05, 'hidden_layer_sizes': (512,), 'random_state': 0}",0.6566666666666666,0.6566666666666666,0.0,91,1.0,1.0,0.0
200,4.791003227233887,0.0,0.0029997825622558594,0.0,10.0,"(32,)",0,"{'alpha': 10.0, 'hidden_layer_sizes': (32,), 'random_state': 0}",0.6566666666666666,0.6566666666666666,0.0,91,1.0,1.0,0.0
235,4.247987508773804,0.0,0.002999544143676758,0.0,100.0,"(32,)",3,"{'alpha': 100.0, 'hidden_layer_sizes': (32,), 'random_state': 3}",0.6566666666666666,0.6566666666666666,0.0,91,1.0,1.0,0.0
169,4.916997909545898,0.0,0.0030012130737304688,0.0,1.0,"(32,)",1,"{'alpha': 1.0, 'hidden_layer_sizes': (32,), 'random_state': 1}",0.6566666666666666,0.6566666666666666,0.0,91,1.0,1.0,0.0
194,6.762997388839722,0.0,0.0020003318786621094,0.0,10.0,"(8,)",2,"{'alpha': 10.0, 'hidden_layer_sizes': (8,), 'random_state': 2}",0.6566666666666666,0.6566666666666666,0.0,91,1.0,1.0,0.0
244,49.54177927970886,0.0,0.005002498626708984,0.0,100.0,"(256,)",0,"{'alpha': 100.0, 'hidden_layer_sizes': (256,), 'random_state': 0}",0.6566666666666666,0.6566666666666666,0.0,91,1.0,1.0,0.0
56,4.4245805740356445,0.0,0.007996559143066406,0.0,0.0001,"(512,)",0,"{'alpha': 0.0001, 'hidden_layer_sizes': (512,), 'random_state': 0}",0.6566666666666666,0.6566666666666666,0.0,91,1.0,1.0,0.0
117,1.7910001277923584,0.0,0.0049991607666015625,0.0,0.01,"(256,)",1,"{'alpha': 0.01, 'hidden_layer_sizes': (256,), 'random_state': 1}",0.655,0.655,0.0,105,1.0,1.0,0.0
187,86.17299771308899,0.0,0.00800013542175293,0.0,1.0,"(512,)",3,"{'alpha': 1.0, 'hidden_layer_sizes': (512,), 'random_state': 3}",0.655,0.655,0.0,105,1.0,1.0,0.0
237,11.656996011734009,0.0,0.0030028820037841797,0.0,100.0,"(64,)",1,"{'alpha': 100.0, 'hidden_layer_sizes': (64,), 'random_state': 1}",0.655,0.655,0.0,105,1.0,1.0,0.0
49,1.0839989185333252,0.0,0.0030002593994140625,0.0,0.0001,"(128,)",1,"{'alpha': 0.0001, 'hidden_layer_sizes': (128,), 'random_state': 1}",0.655,0.655,0.0,105,1.0,1.0,0.0
17,1.2279963493347168,0.0,0.004001140594482422,0.0,1e-05,"(128,)",1,"{'alpha': 1e-05, 'hidden_layer_sizes': (128,), 'random_state': 1}",0.655,0.655,0.0,105,1.0,1.0,0.0
224,3.0580027103424072,0.0,0.002000093460083008,0.0,100.0,"(8,)",0,"{'alpha': 100.0, 'hidden_layer_sizes': (8,), 'random_state': 0}",0.655,0.655,0.0,105,1.0,1.0,0.0
240,53.075998306274414,0.0,0.004000425338745117,0.0,100.0,"(128,)",0,"{'alpha': 100.0, 'hidden_layer_sizes': (128,), 'random_state': 0}",0.6549999999999999,0.6549999999999999,0.0,111,1.0,1.0,0.0
234,8.920515298843384,0.0,0.002001047134399414,0.0,100.0,"(32,)",2,"{'alpha': 100.0, 'hidden_layer_sizes': (32,), 'random_state': 2}",0.6549999999999999,0.6549999999999999,0.0,111,1.0,1.0,0.0
249,142.0111222267151,0.0,0.007003068923950195,0.0,100.0,"(512,)",1,"{'alpha': 100.0, 'hidden_layer_sizes': (512,), 'random_state': 1}",0.6549999999999999,0.6549999999999999,0.0,111,1.0,1.0,0.0
21,1.8319971561431885,0.0,0.005999565124511719,0.0,1e-05,"(256,)",1,"{'alpha': 1e-05, 'hidden_layer_sizes': (256,), 'random_state': 1}",0.6533333333333334,0.6533333333333334,0.0,114,1.0,1.0,0.0
53,1.9309978485107422,0.0,0.004999637603759766,0.0,0.0001,"(256,)",1,"{'alpha': 0.0001, 'hidden_layer_sizes': (256,), 'random_state': 1}",0.6533333333333334,0.6533333333333334,0.0,114,1.0,1.0,0.0
85,1.8929975032806396,0.0,0.006001710891723633,0.0,0.001,"(256,)",1,"{'alpha': 0.001, 'hidden_layer_sizes': (256,), 'random_state': 1}",0.6533333333333334,0.6533333333333334,0.0,114,1.0,1.0,0.0
109,0.8250012397766113,0.0,0.002000570297241211,0.0,0.01,"(64,)",1,"{'alpha': 0.01, 'hidden_layer_sizes': (64,), 'random_state': 1}",0.6533333333333333,0.6533333333333333,0.0,117,1.0,1.0,0.0
190,222.08945035934448,0.0,0.01600170135498047,0.0,1.0,"(1024,)",2,"{'alpha': 1.0, 'hidden_layer_sizes': (1024,), 'random_state': 2}",0.6533333333333333,0.6533333333333333,0.0,117,1.0,1.0,0.0
197,6.403001308441162,0.0,0.0029993057250976562,0.0,10.0,"(16,)",1,"{'alpha': 10.0, 'hidden_layer_sizes': (16,), 'random_state': 1}",0.6533333333333333,0.6533333333333333,0.0,117,1.0,1.0,0.0
9,1.012998104095459,0.0,0.0030002593994140625,0.0,1e-05,"(32,)",1,"{'alpha': 1e-05, 'hidden_layer_sizes': (32,), 'random_state': 1}",0.6516666666666667,0.6516666666666667,0.0,120,1.0,1.0,0.0
45,0.9160020351409912,0.0,0.0030007362365722656,0.0,0.0001,"(64,)",1,"{'alpha': 0.0001, 'hidden_layer_sizes': (64,), 'random_state': 1}",0.6516666666666666,0.6516666666666666,0.0,121,1.0,1.0,0.0
228,3.533000946044922,0.0,0.001999378204345703,0.0,100.0,"(16,)",0,"{'alpha': 100.0, 'hidden_layer_sizes': (16,), 'random_state': 0}",0.6516666666666666,0.6516666666666666,0.0,121,1.0,1.0,0.0
77,0.8369979858398438,0.0,0.003001689910888672,0.0,0.001,"(64,)",1,"{'alpha': 0.001, 'hidden_layer_sizes': (64,), 'random_state': 1}",0.6516666666666666,0.6516666666666666,0.0,121,1.0,1.0,0.0
13,0.915647029876709,0.0,0.0019998550415039062,0.0,1e-05,"(64,)",1,"{'alpha': 1e-05, 'hidden_layer_sizes': (64,), 'random_state': 1}",0.6516666666666666,0.6516666666666666,0.0,121,1.0,1.0,0.0
231,6.255993127822876,0.0,0.002001523971557617,0.0,100.0,"(16,)",3,"{'alpha': 100.0, 'hidden_layer_sizes': (16,), 'random_state': 3}",0.6516666666666666,0.6516666666666666,0.0,121,1.0,1.0,0.0
225,5.00199294090271,0.0,0.0020003318786621094,0.0,100.0,"(8,)",1,"{'alpha': 100.0, 'hidden_layer_sizes': (8,), 'random_state': 1}",0.6516666666666666,0.6516666666666666,0.0,121,1.0,1.0,0.0
141,0.8279983997344971,0.0,0.003000497817993164,0.0,0.1,"(64,)",1,"{'alpha': 0.1, 'hidden_layer_sizes': (64,), 'random_state': 1}",0.65,0.65,0.0,127,1.0,1.0,0.0
226,3.441533327102661,0.0,0.0019998550415039062,0.0,100.0,"(8,)",2,"{'alpha': 100.0, 'hidden_layer_sizes': (8,), 'random_state': 2}",0.6483333333333333,0.6483333333333333,0.0,128,1.0,1.0,0.0
260,7.510000228881836,0.0,0.001999378204345703,0.0,1000.0,"(16,)",0,"{'alpha': 1000.0, 'hidden_layer_sizes': (16,), 'random_state': 0}",0.6483333333333333,0.6483333333333333,0.0,128,1.0,1.0,0.0
271,25.543009996414185,0.0,0.0029997825622558594,0.0,1000.0,"(64,)",3,"{'alpha': 1000.0, 'hidden_layer_sizes': (64,), 'random_state': 3}",0.6483333333333333,0.6483333333333333,0.0,128,1.0,1.0,0.0
137,0.9689986705780029,0.0,0.003000974655151367,0.0,0.1,"(32,)",1,"{'alpha': 0.1, 'hidden_layer_sizes': (32,), 'random_state': 1}",0.6483333333333333,0.6483333333333333,0.0,128,1.0,1.0,0.0
269,22.299994707107544,0.0,0.0029981136322021484,0.0,1000.0,"(64,)",1,"{'alpha': 1000.0, 'hidden_layer_sizes': (64,), 'random_state': 1}",0.6466666666666666,0.6466666666666666,0.0,132,1.0,1.0,0.0
83,1.4350001811981201,0.0,0.003000020980834961,0.0,0.001,"(128,)",3,"{'alpha': 0.001, 'hidden_layer_sizes': (128,), 'random_state': 3}",0.6466666666666666,0.6466666666666666,0.0,132,1.0,1.0,0.0
43,3.0203206539154053,0.0,0.0020012855529785156,0.0,0.0001,"(32,)",3,"{'alpha': 0.0001, 'hidden_layer_sizes': (32,), 'random_state': 3}",0.6466666666666666,0.6466666666666666,0.0,132,0.6641666666666667,0.6641666666666667,0.0
273,23.33601665496826,0.0,0.003000974655151367,0.0,1000.0,"(128,)",1,"{'alpha': 1000.0, 'hidden_layer_sizes': (128,), 'random_state': 1}",0.6466666666666666,0.6466666666666666,0.0,132,1.0,1.0,0.0
114,1.1399993896484375,0.0,0.003000020980834961,0.0,0.01,"(128,)",2,"{'alpha': 0.01, 'hidden_layer_sizes': (128,), 'random_state': 2}",0.6466666666666666,0.6466666666666666,0.0,132,1.0,1.0,0.0
264,4.7260003089904785,0.0,0.002998828887939453,0.0,1000.0,"(32,)",0,"{'alpha': 1000.0, 'hidden_layer_sizes': (32,), 'random_state': 0}",0.6466666666666666,0.6466666666666666,0.0,132,1.0,1.0,0.0
147,1.4149985313415527,0.0,0.0029997825622558594,0.0,0.1,"(128,)",3,"{'alpha': 0.1, 'hidden_layer_sizes': (128,), 'random_state': 3}",0.6466666666666666,0.6466666666666666,0.0,132,1.0,1.0,0.0
274,101.44642114639282,0.0,0.004000186920166016,0.0,1000.0,"(128,)",2,"{'alpha': 1000.0, 'hidden_layer_sizes': (128,), 'random_state': 2}",0.645,0.645,0.0,139,1.0,1.0,0.0
287,238.2157688140869,0.0,0.01399993896484375,0.0,1000.0,"(1024,)",3,"{'alpha': 1000.0, 'hidden_layer_sizes': (1024,), 'random_state': 3}",0.645,0.645,0.0,139,1.0,1.0,0.0
284,490.4560353755951,0.0,0.012999773025512695,0.0,1000.0,"(1024,)",0,"{'alpha': 1000.0, 'hidden_layer_sizes': (1024,), 'random_state': 0}",0.645,0.645,0.0,139,1.0,1.0,0.0
278,46.10199975967407,0.0,0.005004167556762695,0.0,1000.0,"(256,)",2,"{'alpha': 1000.0, 'hidden_layer_sizes': (256,), 'random_state': 2}",0.645,0.645,0.0,139,1.0,1.0,0.0
19,1.4300010204315186,0.0,0.004000425338745117,0.0,1e-05,"(128,)",3,"{'alpha': 1e-05, 'hidden_layer_sizes': (128,), 'random_state': 3}",0.645,0.645,0.0,139,1.0,1.0,0.0
15,1.120999813079834,0.0,0.003000020980834961,0.0,1e-05,"(64,)",3,"{'alpha': 1e-05, 'hidden_layer_sizes': (64,), 'random_state': 3}",0.645,0.645,0.0,139,1.0,1.0,0.0
257,4.938000679016113,0.0,0.0019989013671875,0.0,1000.0,"(8,)",1,"{'alpha': 1000.0, 'hidden_layer_sizes': (8,), 'random_state': 1}",0.645,0.645,0.0,139,1.0,1.0,0.0
153,3.3269996643066406,0.0,0.010001182556152344,0.0,0.1,"(512,)",1,"{'alpha': 0.1, 'hidden_layer_sizes': (512,), 'random_state': 1}",0.645,0.645,0.0,139,1.0,1.0,0.0
184,102.22904467582703,0.0,0.008997917175292969,0.0,1.0,"(512,)",0,"{'alpha': 1.0, 'hidden_layer_sizes': (512,), 'random_state': 0}",0.645,0.645,0.0,139,1.0,1.0,0.0
272,29.3020122051239,0.0,0.0030007362365722656,0.0,1000.0,"(128,)",0,"{'alpha': 1000.0, 'hidden_layer_sizes': (128,), 'random_state': 0}",0.645,0.645,0.0,139,1.0,1.0,0.0
268,10.016999006271362,0.0,0.003000974655151367,0.0,1000.0,"(64,)",0,"{'alpha': 1000.0, 'hidden_layer_sizes': (64,), 'random_state': 0}",0.645,0.645,0.0,139,1.0,1.0,0.0
258,3.3440146446228027,0.0,0.003001689910888672,0.0,1000.0,"(8,)",2,"{'alpha': 1000.0, 'hidden_layer_sizes': (8,), 'random_state': 2}",0.645,0.645,0.0,139,1.0,1.0,0.0
265,13.327000379562378,0.0,0.0029990673065185547,0.0,1000.0,"(32,)",1,"{'alpha': 1000.0, 'hidden_layer_sizes': (32,), 'random_state': 1}",0.645,0.645,0.0,139,1.0,1.0,0.0
262,10.167638540267944,0.0,0.002000570297241211,0.0,1000.0,"(16,)",2,"{'alpha': 1000.0, 'hidden_layer_sizes': (16,), 'random_state': 2}",0.645,0.645,0.0,139,1.0,1.0,0.0
263,9.670001029968262,0.0,0.0019996166229248047,0.0,1000.0,"(16,)",3,"{'alpha': 1000.0, 'hidden_layer_sizes': (16,), 'random_state': 3}",0.645,0.645,0.0,139,1.0,1.0,0.0
259,2.7875142097473145,0.0,0.0010001659393310547,0.0,1000.0,"(8,)",3,"{'alpha': 1000.0, 'hidden_layer_sizes': (8,), 'random_state': 3}",0.6433333333333334,0.6433333333333334,0.0,154,1.0,1.0,0.0
18,1.1065175533294678,0.0,0.00400233268737793,0.0,1e-05,"(128,)",2,"{'alpha': 1e-05, 'hidden_layer_sizes': (128,), 'random_state': 2}",0.6433333333333333,0.6433333333333333,0.0,155,1.0,1.0,0.0
261,8.306999444961548,0.0,0.002000093460083008,0.0,1000.0,"(16,)",1,"{'alpha': 1000.0, 'hidden_layer_sizes': (16,), 'random_state': 1}",0.6433333333333333,0.6433333333333333,0.0,155,1.0,1.0,0.0
275,34.88752341270447,0.0,0.003000497817993164,0.0,1000.0,"(128,)",3,"{'alpha': 1000.0, 'hidden_layer_sizes': (128,), 'random_state': 3}",0.6433333333333333,0.6433333333333333,0.0,155,1.0,1.0,0.0
82,0.9466099739074707,0.0,0.003000020980834961,0.0,0.001,"(128,)",2,"{'alpha': 0.001, 'hidden_layer_sizes': (128,), 'random_state': 2}",0.6433333333333333,0.6433333333333333,0.0,155,1.0,1.0,0.0
283,225.40435028076172,0.0,0.009001493453979492,0.0,1000.0,"(512,)",3,"{'alpha': 1000.0, 'hidden_layer_sizes': (512,), 'random_state': 3}",0.6433333333333333,0.6433333333333333,0.0,155,1.0,1.0,0.0
281,188.65457940101624,0.0,0.00800180435180664,0.0,1000.0,"(512,)",1,"{'alpha': 1000.0, 'hidden_layer_sizes': (512,), 'random_state': 1}",0.6433333333333333,0.6433333333333333,0.0,155,1.0,1.0,0.0
276,82.74499893188477,0.0,0.005003213882446289,0.0,1000.0,"(256,)",0,"{'alpha': 1000.0, 'hidden_layer_sizes': (256,), 'random_state': 0}",0.6433333333333333,0.6433333333333333,0.0,155,1.0,1.0,0.0
44,0.9369990825653076,0.0,0.0020003318786621094,0.0,0.0001,"(64,)",0,"{'alpha': 0.0001, 'hidden_layer_sizes': (64,), 'random_state': 0}",0.6433333333333333,0.6433333333333333,0.0,155,1.0,1.0,0.0
277,51.41400861740112,0.0,0.0040035247802734375,0.0,1000.0,"(256,)",1,"{'alpha': 1000.0, 'hidden_layer_sizes': (256,), 'random_state': 1}",0.6433333333333333,0.6433333333333333,0.0,155,1.0,1.0,0.0
121,3.3990097045898438,0.0,0.007992982864379883,0.0,0.01,"(512,)",1,"{'alpha': 0.01, 'hidden_layer_sizes': (512,), 'random_state': 1}",0.6433333333333333,0.6433333333333333,0.0,155,1.0,1.0,0.0
267,10.121001958847046,0.0,0.0029990673065185547,0.0,1000.0,"(32,)",3,"{'alpha': 1000.0, 'hidden_layer_sizes': (32,), 'random_state': 3}",0.6433333333333333,0.6433333333333333,0.0,155,1.0,1.0,0.0
25,3.433002233505249,0.0,0.006997108459472656,0.0,1e-05,"(512,)",1,"{'alpha': 1e-05, 'hidden_layer_sizes': (512,), 'random_state': 1}",0.6416666666666667,0.6416666666666667,0.0,166,1.0,1.0,0.0
89,3.531999111175537,0.0,0.008000612258911133,0.0,0.001,"(512,)",1,"{'alpha': 0.001, 'hidden_layer_sizes': (512,), 'random_state': 1}",0.6416666666666667,0.6416666666666667,0.0,166,1.0,1.0,0.0
266,9.957998275756836,0.0,0.002000093460083008,0.0,1000.0,"(32,)",2,"{'alpha': 1000.0, 'hidden_layer_sizes': (32,), 'random_state': 2}",0.6416666666666667,0.6416666666666667,0.0,166,1.0,1.0,0.0
168,1.5460000038146973,0.0,0.003000974655151367,0.0,1.0,"(32,)",0,"{'alpha': 1.0, 'hidden_layer_sizes': (32,), 'random_state': 0}",0.6416666666666667,0.6416666666666667,0.0,166,0.665,0.665,0.0
256,5.411000490188599,0.0,0.0019996166229248047,0.0,1000.0,"(8,)",0,"{'alpha': 1000.0, 'hidden_layer_sizes': (8,), 'random_state': 0}",0.6416666666666667,0.6416666666666667,0.0,166,1.0,1.0,0.0
171,2.265512228012085,0.0,0.0019996166229248047,0.0,1.0,"(32,)",3,"{'alpha': 1.0, 'hidden_layer_sizes': (32,), 'random_state': 3}",0.6416666666666667,0.6416666666666667,0.0,166,0.66375,0.66375,0.0
116,1.8059961795806885,0.0,0.005001544952392578,0.0,0.01,"(256,)",0,"{'alpha': 0.01, 'hidden_layer_sizes': (256,), 'random_state': 0}",0.6416666666666667,0.6416666666666667,0.0,166,1.0,1.0,0.0
84,1.8769972324371338,0.0,0.005000114440917969,0.0,0.001,"(256,)",0,"{'alpha': 0.001, 'hidden_layer_sizes': (256,), 'random_state': 0}",0.6416666666666667,0.6416666666666667,0.0,166,1.0,1.0,0.0
57,3.4240005016326904,0.0,0.00901031494140625,0.0,0.0001,"(512,)",1,"{'alpha': 0.0001, 'hidden_layer_sizes': (512,), 'random_state': 1}",0.6416666666666667,0.6416666666666667,0.0,166,1.0,1.0,0.0
280,127.17312264442444,0.0,0.01001882553100586,0.0,1000.0,"(512,)",0,"{'alpha': 1000.0, 'hidden_layer_sizes': (512,), 'random_state': 0}",0.6416666666666666,0.6416666666666666,0.0,175,1.0,1.0,0.0
51,1.3799991607666016,0.0,0.0040013790130615234,0.0,0.0001,"(128,)",3,"{'alpha': 0.0001, 'hidden_layer_sizes': (128,), 'random_state': 3}",0.6416666666666666,0.6416666666666666,0.0,175,1.0,1.0,0.0
282,197.81308841705322,0.0,0.009005069732666016,0.0,1000.0,"(512,)",2,"{'alpha': 1000.0, 'hidden_layer_sizes': (512,), 'random_state': 2}",0.6416666666666666,0.6416666666666666,0.0,175,1.0,1.0,0.0
74,1.0360007286071777,0.0,0.0030002593994140625,0.0,0.001,"(32,)",2,"{'alpha': 0.001, 'hidden_layer_sizes': (32,), 'random_state': 2}",0.6416666666666666,0.6416666666666666,0.0,175,1.0,1.0,0.0
317,312.68624210357666,0.0,0.013993024826049805,0.0,10000.0,"(1024,)",1,"{'alpha': 10000.0, 'hidden_layer_sizes': (1024,), 'random_state': 1}",0.64,0.64,0.0,179,0.6347916666666666,0.6347916666666666,0.0
52,1.7930011749267578,0.0,0.00500035285949707,0.0,0.0001,"(256,)",0,"{'alpha': 0.0001, 'hidden_layer_sizes': (256,), 'random_state': 0}",0.64,0.64,0.0,179,1.0,1.0,0.0
315,133.0370101928711,0.0,0.008001089096069336,0.0,10000.0,"(512,)",3,"{'alpha': 10000.0, 'hidden_layer_sizes': (512,), 'random_state': 3}",0.64,0.64,0.0,179,0.6333333333333333,0.6333333333333333,0.0
316,515.2318644523621,0.0,0.014999151229858398,0.0,10000.0,"(1024,)",0,"{'alpha': 10000.0, 'hidden_layer_sizes': (1024,), 'random_state': 0}",0.64,0.64,0.0,179,0.6347916666666666,0.6347916666666666,0.0
50,1.039008617401123,0.0,0.002993345260620117,0.0,0.0001,"(128,)",2,"{'alpha': 0.0001, 'hidden_layer_sizes': (128,), 'random_state': 2}",0.64,0.64,0.0,179,1.0,1.0,0.0
302,18.77299666404724,0.0,0.003002166748046875,0.0,10000.0,"(64,)",2,"{'alpha': 10000.0, 'hidden_layer_sizes': (64,), 'random_state': 2}",0.64,0.64,0.0,179,0.6335416666666666,0.6335416666666666,0.0
294,8.016002178192139,0.0,0.0020012855529785156,0.0,10000.0,"(16,)",2,"{'alpha': 10000.0, 'hidden_layer_sizes': (16,), 'random_state': 2}",0.64,0.64,0.0,179,0.6329166666666667,0.6329166666666667,0.0
40,1.7740015983581543,0.0,0.0019981861114501953,0.0,0.0001,"(32,)",0,"{'alpha': 0.0001, 'hidden_layer_sizes': (32,), 'random_state': 0}",0.64,0.64,0.0,179,0.6625,0.6625,0.0
307,32.38051080703735,0.0,0.0029993057250976562,0.0,10000.0,"(128,)",3,"{'alpha': 10000.0, 'hidden_layer_sizes': (128,), 'random_state': 3}",0.64,0.64,0.0,179,0.633125,0.633125,0.0
149,1.8140003681182861,0.0,0.005002498626708984,0.0,0.1,"(256,)",1,"{'alpha': 0.1, 'hidden_layer_sizes': (256,), 'random_state': 1}",0.64,0.64,0.0,179,1.0,1.0,0.0
299,9.8510000705719,0.0,0.0030002593994140625,0.0,10000.0,"(32,)",3,"{'alpha': 10000.0, 'hidden_layer_sizes': (32,), 'random_state': 3}",0.64,0.64,0.0,179,0.6327083333333333,0.6327083333333333,0.0
86,1.711998701095581,0.0,0.004998207092285156,0.0,0.001,"(256,)",2,"{'alpha': 0.001, 'hidden_layer_sizes': (256,), 'random_state': 2}",0.64,0.64,0.0,179,1.0,1.0,0.0
314,175.38707780838013,0.0,0.008000850677490234,0.0,10000.0,"(512,)",2,"{'alpha': 10000.0, 'hidden_layer_sizes': (512,), 'random_state': 2}",0.64,0.64,0.0,179,0.6329166666666667,0.6329166666666667,0.0
290,5.809993505477905,0.0,0.002000093460083008,0.0,10000.0,"(8,)",2,"{'alpha': 10000.0, 'hidden_layer_sizes': (8,), 'random_state': 2}",0.64,0.64,0.0,179,0.6335416666666667,0.6335416666666667,0.0
139,2.3380072116851807,0.0,0.0029954910278320312,0.0,0.1,"(32,)",3,"{'alpha': 0.1, 'hidden_layer_sizes': (32,), 'random_state': 3}",0.64,0.64,0.0,179,0.6622916666666666,0.6622916666666666,0.0
313,186.21754097938538,0.0,0.008004426956176758,0.0,10000.0,"(512,)",1,"{'alpha': 10000.0, 'hidden_layer_sizes': (512,), 'random_state': 1}",0.64,0.64,0.0,179,0.633125,0.633125,0.0
22,1.8250024318695068,0.0,0.004999876022338867,0.0,1e-05,"(256,)",2,"{'alpha': 1e-05, 'hidden_layer_sizes': (256,), 'random_state': 2}",0.64,0.64,0.0,179,1.0,1.0,0.0
20,1.8100006580352783,0.0,0.0049991607666015625,0.0,1e-05,"(256,)",0,"{'alpha': 1e-05, 'hidden_layer_sizes': (256,), 'random_state': 0}",0.64,0.64,0.0,179,1.0,1.0,0.0
118,1.7890000343322754,0.0,0.0049991607666015625,0.0,0.01,"(256,)",2,"{'alpha': 0.01, 'hidden_layer_sizes': (256,), 'random_state': 2}",0.64,0.64,0.0,179,1.0,1.0,0.0
305,43.03899931907654,0.0,0.0030024051666259766,0.0,10000.0,"(128,)",1,"{'alpha': 10000.0, 'hidden_layer_sizes': (128,), 'random_state': 1}",0.64,0.64,0.0,179,0.6349999999999999,0.6349999999999999,0.0
297,18.480533599853516,0.0,0.003000974655151367,0.0,10000.0,"(32,)",1,"{'alpha': 10000.0, 'hidden_layer_sizes': (32,), 'random_state': 1}",0.64,0.64,0.0,179,0.6329166666666667,0.6329166666666667,0.0
309,91.99899649620056,0.0,0.004000186920166016,0.0,10000.0,"(256,)",1,"{'alpha': 10000.0, 'hidden_layer_sizes': (256,), 'random_state': 1}",0.64,0.64,0.0,179,0.633125,0.633125,0.0
12,0.9499964714050293,0.0,0.003001689910888672,0.0,1e-05,"(64,)",0,"{'alpha': 1e-05, 'hidden_layer_sizes': (64,), 'random_state': 0}",0.64,0.64,0.0,179,1.0,1.0,0.0
150,1.8489937782287598,0.0,0.004000425338745117,0.0,0.1,"(256,)",2,"{'alpha': 0.1, 'hidden_layer_sizes': (256,), 'random_state': 2}",0.64,0.64,0.0,179,1.0,1.0,0.0
301,21.962000131607056,0.0,0.003000974655151367,0.0,10000.0,"(64,)",1,"{'alpha': 10000.0, 'hidden_layer_sizes': (64,), 'random_state': 1}",0.64,0.64,0.0,179,0.6329166666666667,0.6329166666666667,0.0
54,1.7516751289367676,0.0,0.006001949310302734,0.0,0.0001,"(256,)",2,"{'alpha': 0.0001, 'hidden_layer_sizes': (256,), 'random_state': 2}",0.64,0.64,0.0,179,1.0,1.0,0.0
300,20.614997625350952,0.0,0.0030007362365722656,0.0,10000.0,"(64,)",0,"{'alpha': 10000.0, 'hidden_layer_sizes': (64,), 'random_state': 0}",0.6383333333333333,0.6383333333333333,0.0,205,0.6335416666666667,0.6335416666666667,0.0
319,341.4095377922058,0.0,0.013998270034790039,0.0,10000.0,"(1024,)",3,"{'alpha': 10000.0, 'hidden_layer_sizes': (1024,), 'random_state': 3}",0.6383333333333333,0.6383333333333333,0.0,205,0.6347916666666666,0.6347916666666666,0.0
111,1.1049952507019043,0.0,0.0020003318786621094,0.0,0.01,"(64,)",3,"{'alpha': 0.01, 'hidden_layer_sizes': (64,), 'random_state': 3}",0.6383333333333333,0.6383333333333333,0.0,205,1.0,1.0,0.0
296,15.966629981994629,0.0,0.002000093460083008,0.0,10000.0,"(32,)",0,"{'alpha': 10000.0, 'hidden_layer_sizes': (32,), 'random_state': 0}",0.6383333333333333,0.6383333333333333,0.0,205,0.6375000000000001,0.6375000000000001,0.0
292,7.051117420196533,0.0,0.002000093460083008,0.0,10000.0,"(16,)",0,"{'alpha': 10000.0, 'hidden_layer_sizes': (16,), 'random_state': 0}",0.6383333333333333,0.6383333333333333,0.0,205,0.6370833333333333,0.6370833333333333,0.0
304,32.74462413787842,0.0,0.0030028820037841797,0.0,10000.0,"(128,)",0,"{'alpha': 10000.0, 'hidden_layer_sizes': (128,), 'random_state': 0}",0.6383333333333333,0.6383333333333333,0.0,205,0.6360416666666667,0.6360416666666667,0.0
165,1.5490012168884277,0.0,0.0019998550415039062,0.0,1.0,"(16,)",1,"{'alpha': 1.0, 'hidden_layer_sizes': (16,), 'random_state': 1}",0.6383333333333333,0.6383333333333333,0.0,205,0.7933333333333333,0.7933333333333333,0.0
107,3.5864827632904053,0.0,0.0020003318786621094,0.0,0.01,"(32,)",3,"{'alpha': 0.01, 'hidden_layer_sizes': (32,), 'random_state': 3}",0.6383333333333333,0.6383333333333333,0.0,205,0.6641666666666667,0.6641666666666667,0.0
289,3.9690017700195312,0.0,0.0009999275207519531,0.0,10000.0,"(8,)",1,"{'alpha': 10000.0, 'hidden_layer_sizes': (8,), 'random_state': 1}",0.6383333333333333,0.6383333333333333,0.0,205,0.6391666666666667,0.6391666666666667,0.0
310,88.85926985740662,0.0,0.006001949310302734,0.0,10000.0,"(256,)",2,"{'alpha': 10000.0, 'hidden_layer_sizes': (256,), 'random_state': 2}",0.6383333333333333,0.6383333333333333,0.0,205,0.6329166666666667,0.6329166666666667,0.0
312,167.2630615234375,0.0,0.008998870849609375,0.0,10000.0,"(512,)",0,"{'alpha': 10000.0, 'hidden_layer_sizes': (512,), 'random_state': 0}",0.6383333333333333,0.6383333333333333,0.0,205,0.6370833333333333,0.6370833333333333,0.0
306,31.319234609603882,0.0,0.004000186920166016,0.0,10000.0,"(128,)",2,"{'alpha': 10000.0, 'hidden_layer_sizes': (128,), 'random_state': 2}",0.6383333333333333,0.6383333333333333,0.0,205,0.6377083333333334,0.6377083333333334,0.0
298,13.100000619888306,0.0,0.002997159957885742,0.0,10000.0,"(32,)",2,"{'alpha': 10000.0, 'hidden_layer_sizes': (32,), 'random_state': 2}",0.6366666666666667,0.6366666666666667,0.0,217,0.6377083333333334,0.6377083333333334,0.0
106,1.5950005054473877,0.0,0.0029985904693603516,0.0,0.01,"(32,)",2,"{'alpha': 0.01, 'hidden_layer_sizes': (32,), 'random_state': 2}",0.6366666666666667,0.6366666666666667,0.0,217,1.0,1.0,0.0
227,2.1830015182495117,0.0,0.0029981136322021484,0.0,100.0,"(8,)",3,"{'alpha': 100.0, 'hidden_layer_sizes': (8,), 'random_state': 3}",0.6366666666666667,0.6366666666666667,0.0,217,0.9987499999999999,0.9987499999999999,0.0
295,11.091001749038696,0.0,0.0019996166229248047,0.0,10000.0,"(16,)",3,"{'alpha': 10000.0, 'hidden_layer_sizes': (16,), 'random_state': 3}",0.6366666666666667,0.6366666666666667,0.0,217,0.6347916666666666,0.6347916666666666,0.0
311,91.41938138008118,0.0,0.005001544952392578,0.0,10000.0,"(256,)",3,"{'alpha': 10000.0, 'hidden_layer_sizes': (256,), 'random_state': 3}",0.6366666666666667,0.6366666666666667,0.0,217,0.6358333333333334,0.6358333333333334,0.0
293,6.4879982471466064,0.0,0.0019981861114501953,0.0,10000.0,"(16,)",1,"{'alpha': 10000.0, 'hidden_layer_sizes': (16,), 'random_state': 1}",0.6366666666666667,0.6366666666666667,0.0,217,0.6337499999999999,0.6337499999999999,0.0
291,6.51799750328064,0.0,0.0020008087158203125,0.0,10000.0,"(8,)",3,"{'alpha': 10000.0, 'hidden_layer_sizes': (8,), 'random_state': 3}",0.6366666666666667,0.6366666666666667,0.0,217,0.6360416666666666,0.6360416666666666,0.0
288,4.655000925064087,0.0,0.002997875213623047,0.0,10000.0,"(8,)",0,"{'alpha': 10000.0, 'hidden_layer_sizes': (8,), 'random_state': 0}",0.6366666666666667,0.6366666666666667,0.0,217,0.6337499999999999,0.6337499999999999,0.0
8,1.7679965496063232,0.0,0.0029993057250976562,0.0,1e-05,"(32,)",0,"{'alpha': 1e-05, 'hidden_layer_sizes': (32,), 'random_state': 0}",0.6366666666666667,0.6366666666666667,0.0,217,0.6633333333333333,0.6633333333333333,0.0
318,389.2896604537964,0.0,0.01400136947631836,0.0,10000.0,"(1024,)",2,"{'alpha': 10000.0, 'hidden_layer_sizes': (1024,), 'random_state': 2}",0.6366666666666667,0.6366666666666667,0.0,217,0.6372916666666667,0.6372916666666667,0.0
303,17.454617023468018,0.0,0.0030002593994140625,0.0,10000.0,"(64,)",3,"{'alpha': 10000.0, 'hidden_layer_sizes': (64,), 'random_state': 3}",0.6366666666666667,0.6366666666666667,0.0,217,0.6341666666666667,0.6341666666666667,0.0
104,1.6240010261535645,0.0,0.0029990673065185547,0.0,0.01,"(32,)",0,"{'alpha': 0.01, 'hidden_layer_sizes': (32,), 'random_state': 0}",0.6366666666666666,0.6366666666666666,0.0,228,0.6597916666666667,0.6597916666666667,0.0
101,2.359999895095825,0.0,0.0020012855529785156,0.0,0.01,"(16,)",1,"{'alpha': 0.01, 'hidden_layer_sizes': (16,), 'random_state': 1}",0.6366666666666666,0.6366666666666666,0.0,228,0.7958333333333333,0.7958333333333333,0.0
148,1.897002935409546,0.0,0.00501704216003418,0.0,0.1,"(256,)",0,"{'alpha': 0.1, 'hidden_layer_sizes': (256,), 'random_state': 0}",0.6350000000000001,0.6350000000000001,0.0,230,1.0,1.0,0.0
138,1.4479992389678955,0.0,0.002998828887939453,0.0,0.1,"(32,)",2,"{'alpha': 0.1, 'hidden_layer_sizes': (32,), 'random_state': 2}",0.6350000000000001,0.6350000000000001,0.0,230,0.9966666666666667,0.9966666666666667,0.0
10,1.0959980487823486,0.0,0.002000093460083008,0.0,1e-05,"(32,)",2,"{'alpha': 1e-05, 'hidden_layer_sizes': (32,), 'random_state': 2}",0.635,0.635,0.0,232,1.0,1.0,0.0
72,1.6939988136291504,0.0,0.0030014514923095703,0.0,0.001,"(32,)",0,"{'alpha': 0.001, 'hidden_layer_sizes': (32,), 'random_state': 0}",0.6349999999999999,0.6349999999999999,0.0,233,0.6645833333333333,0.6645833333333333,0.0
136,1.9979889392852783,0.0,0.0030007362365722656,0.0,0.1,"(32,)",0,"{'alpha': 0.1, 'hidden_layer_sizes': (32,), 'random_state': 0}",0.6333333333333334,0.6333333333333334,0.0,234,0.665,0.665,0.0
79,1.1416058540344238,0.0,0.0030012130737304688,0.0,0.001,"(64,)",3,"{'alpha': 0.001, 'hidden_layer_sizes': (64,), 'random_state': 3}",0.6333333333333334,0.6333333333333334,0.0,234,1.0,1.0,0.0
36,2.4620003700256348,0.0,0.0019998550415039062,0.0,0.0001,"(16,)",0,"{'alpha': 0.0001, 'hidden_layer_sizes': (16,), 'random_state': 0}",0.6333333333333333,0.6333333333333333,0.0,236,0.6310416666666666,0.6310416666666666,0.0
140,3.643998622894287,0.0,0.004002571105957031,0.0,0.1,"(64,)",0,"{'alpha': 0.1, 'hidden_layer_sizes': (64,), 'random_state': 0}",0.6333333333333333,0.6333333333333333,0.0,236,1.0,1.0,0.0
100,2.020998477935791,0.0,0.002000093460083008,0.0,0.01,"(16,)",0,"{'alpha': 0.01, 'hidden_layer_sizes': (16,), 'random_state': 0}",0.6333333333333333,0.6333333333333333,0.0,236,0.6339583333333333,0.6339583333333333,0.0
75,3.4285295009613037,0.0,0.002999544143676758,0.0,0.001,"(32,)",3,"{'alpha': 0.001, 'hidden_layer_sizes': (32,), 'random_state': 3}",0.6316666666666667,0.6316666666666667,0.0,239,0.665,0.665,0.0
132,4.107518196105957,0.0,0.0019998550415039062,0.0,0.1,"(16,)",0,"{'alpha': 0.1, 'hidden_layer_sizes': (16,), 'random_state': 0}",0.6316666666666667,0.6316666666666667,0.0,239,0.6527083333333333,0.6527083333333333,0.0
143,0.9999978542327881,0.0,0.002000570297241211,0.0,0.1,"(64,)",3,"{'alpha': 0.1, 'hidden_layer_sizes': (64,), 'random_state': 3}",0.6283333333333334,0.6283333333333334,0.0,241,1.0,1.0,0.0
38,5.86899995803833,0.0,0.0019998550415039062,0.0,0.0001,"(16,)",2,"{'alpha': 0.0001, 'hidden_layer_sizes': (16,), 'random_state': 2}",0.6266666666666666,0.6266666666666666,0.0,242,0.6662500000000001,0.6662500000000001,0.0
108,0.9790000915527344,0.0,0.0030007362365722656,0.0,0.01,"(64,)",0,"{'alpha': 0.01, 'hidden_layer_sizes': (64,), 'random_state': 0}",0.6266666666666666,0.6266666666666666,0.0,242,1.0,1.0,0.0
11,3.542998790740967,0.0,0.0029993057250976562,0.0,1e-05,"(32,)",3,"{'alpha': 1e-05, 'hidden_layer_sizes': (32,), 'random_state': 3}",0.6266666666666666,0.6266666666666666,0.0,242,0.6645833333333333,0.6645833333333333,0.0
69,1.0435383319854736,0.0,0.0019996166229248047,0.0,0.001,"(16,)",1,"{'alpha': 0.001, 'hidden_layer_sizes': (16,), 'random_state': 1}",0.625,0.625,0.0,245,0.6195833333333333,0.6195833333333333,0.0
4,5.177001953125,0.0,0.0020008087158203125,0.0,1e-05,"(16,)",0,"{'alpha': 1e-05, 'hidden_layer_sizes': (16,), 'random_state': 0}",0.625,0.625,0.0,245,0.6627083333333333,0.6627083333333333,0.0
164,5.607999324798584,0.0,0.002001047134399414,0.0,1.0,"(16,)",0,"{'alpha': 1.0, 'hidden_layer_sizes': (16,), 'random_state': 0}",0.62,0.62,0.0,247,0.6658333333333334,0.6658333333333334,0.0
145,6.318998575210571,0.0,0.003001689910888672,0.0,0.1,"(128,)",1,"{'alpha': 0.1, 'hidden_layer_sizes': (128,), 'random_state': 1}",0.62,0.62,0.0,247,1.0,1.0,0.0
5,5.548995018005371,0.0,0.0029985904693603516,0.0,1e-05,"(16,)",1,"{'alpha': 1e-05, 'hidden_layer_sizes': (16,), 'random_state': 1}",0.6183333333333333,0.6183333333333333,0.0,249,0.6445833333333334,0.6445833333333334,0.0
70,2.6710033416748047,0.0,0.002000093460083008,0.0,0.001,"(16,)",2,"{'alpha': 0.001, 'hidden_layer_sizes': (16,), 'random_state': 2}",0.6166666666666667,0.6166666666666667,0.0,250,0.665625,0.665625,0.0
37,2.1010115146636963,0.0,0.0020024776458740234,0.0,0.0001,"(16,)",1,"{'alpha': 0.0001, 'hidden_layer_sizes': (16,), 'random_state': 1}",0.61,0.61,0.0,251,0.6314583333333333,0.6314583333333333,0.0
133,2.3729984760284424,0.0,0.002001047134399414,0.0,0.1,"(16,)",1,"{'alpha': 0.1, 'hidden_layer_sizes': (16,), 'random_state': 1}",0.61,0.61,0.0,251,0.8016666666666666,0.8016666666666666,0.0
102,1.6020033359527588,0.0,0.0019989013671875,0.0,0.01,"(16,)",2,"{'alpha': 0.01, 'hidden_layer_sizes': (16,), 'random_state': 2}",0.6083333333333333,0.6083333333333333,0.0,253,0.6345833333333334,0.6345833333333334,0.0
166,2.2989964485168457,0.0,0.0030007362365722656,0.0,1.0,"(16,)",2,"{'alpha': 1.0, 'hidden_layer_sizes': (16,), 'random_state': 2}",0.6033333333333334,0.6033333333333334,0.0,254,0.6641666666666667,0.6641666666666667,0.0
198,1.3189952373504639,0.0,0.0019998550415039062,0.0,10.0,"(16,)",2,"{'alpha': 10.0, 'hidden_layer_sizes': (16,), 'random_state': 2}",0.5966666666666667,0.5966666666666667,0.0,255,0.6470833333333333,0.6470833333333333,0.0
134,1.1869983673095703,0.0,0.002000570297241211,0.0,0.1,"(16,)",2,"{'alpha': 0.1, 'hidden_layer_sizes': (16,), 'random_state': 2}",0.5966666666666667,0.5966666666666667,0.0,255,0.629375,0.629375,0.0
6,1.8829996585845947,0.0,0.0019998550415039062,0.0,1e-05,"(16,)",2,"{'alpha': 1e-05, 'hidden_layer_sizes': (16,), 'random_state': 2}",0.5933333333333334,0.5933333333333334,0.0,257,0.6625000000000001,0.6625000000000001,0.0
68,2.322000741958618,0.0,0.0020003318786621094,0.0,0.001,"(16,)",0,"{'alpha': 0.001, 'hidden_layer_sizes': (16,), 'random_state': 0}",0.5650000000000001,0.5650000000000001,0.0,258,0.575,0.575,0.0
195,1.768000602722168,0.0,0.002000093460083008,0.0,10.0,"(8,)",3,"{'alpha': 10.0, 'hidden_layer_sizes': (8,), 'random_state': 3}",0.555,0.555,0.0,259,0.5985416666666666,0.5985416666666666,0.0
345,540.2286493778229,0.0,0.01100921630859375,0.0,100000.0,"(512,)",1,"{'alpha': 100000.0, 'hidden_layer_sizes': (512,), 'random_state': 1}",0.55,0.55,0.0,260,0.5402083333333333,0.5402083333333333,0.0
348,743.2022898197174,0.0,0.012986183166503906,0.0,100000.0,"(1024,)",0,"{'alpha': 100000.0, 'hidden_layer_sizes': (1024,), 'random_state': 0}",0.55,0.55,0.0,260,0.5416666666666666,0.5416666666666666,0.0
330,36.49197721481323,0.0,0.0029969215393066406,0.0,100000.0,"(32,)",2,"{'alpha': 100000.0, 'hidden_layer_sizes': (32,), 'random_state': 2}",0.55,0.55,0.0,260,0.54,0.54,0.0
331,39.3010094165802,0.0,0.003001689910888672,0.0,100000.0,"(32,)",3,"{'alpha': 100000.0, 'hidden_layer_sizes': (32,), 'random_state': 3}",0.55,0.55,0.0,260,0.541875,0.541875,0.0
332,53.826008796691895,0.0,0.0029954910278320312,0.0,100000.0,"(64,)",0,"{'alpha': 100000.0, 'hidden_layer_sizes': (64,), 'random_state': 0}",0.55,0.55,0.0,260,0.5402083333333333,0.5402083333333333,0.0
333,43.92826581001282,0.0,0.0030002593994140625,0.0,100000.0,"(64,)",1,"{'alpha': 100000.0, 'hidden_layer_sizes': (64,), 'random_state': 1}",0.55,0.55,0.0,260,0.5416666666666666,0.5416666666666666,0.0
337,103.5145354270935,0.0,0.003002166748046875,0.0,100000.0,"(128,)",1,"{'alpha': 100000.0, 'hidden_layer_sizes': (128,), 'random_state': 1}",0.55,0.55,0.0,260,0.5416666666666666,0.5416666666666666,0.0
347,529.9121656417847,0.0,0.006999492645263672,0.0,100000.0,"(512,)",3,"{'alpha': 100000.0, 'hidden_layer_sizes': (512,), 'random_state': 3}",0.55,0.55,0.0,260,0.5414583333333334,0.5414583333333334,0.0
338,111.95273613929749,0.0,0.0025625228881835938,0.0,100000.0,"(128,)",2,"{'alpha': 100000.0, 'hidden_layer_sizes': (128,), 'random_state': 2}",0.55,0.55,0.0,260,0.5395833333333333,0.5395833333333333,0.0
340,324.57415199279785,0.0,0.0070018768310546875,0.0,100000.0,"(256,)",0,"{'alpha': 100000.0, 'hidden_layer_sizes': (256,), 'random_state': 0}",0.55,0.55,0.0,260,0.5416666666666666,0.5416666666666666,0.0
341,210.59064602851868,0.0,0.004000425338745117,0.0,100000.0,"(256,)",1,"{'alpha': 100000.0, 'hidden_layer_sizes': (256,), 'random_state': 1}",0.55,0.55,0.0,260,0.5416666666666666,0.5416666666666666,0.0
343,262.19777178764343,0.0,0.0050048828125,0.0,100000.0,"(256,)",3,"{'alpha': 100000.0, 'hidden_layer_sizes': (256,), 'random_state': 3}",0.55,0.55,0.0,260,0.54,0.54,0.0
346,635.2368547916412,0.0,0.010001897811889648,0.0,100000.0,"(512,)",2,"{'alpha': 100000.0, 'hidden_layer_sizes': (512,), 'random_state': 2}",0.55,0.55,0.0,260,0.5416666666666666,0.5416666666666666,0.0
344,353.56736302375793,0.0,0.011992454528808594,0.0,100000.0,"(512,)",0,"{'alpha': 100000.0, 'hidden_layer_sizes': (512,), 'random_state': 0}",0.55,0.55,0.0,260,0.5416666666666666,0.5416666666666666,0.0
336,165.0035445690155,0.0,0.0030002593994140625,0.0,100000.0,"(128,)",0,"{'alpha': 100000.0, 'hidden_layer_sizes': (128,), 'random_state': 0}",0.55,0.55,0.0,260,0.5416666666666666,0.5416666666666666,0.0
334,46.82890176773071,0.0,0.003002643585205078,0.0,100000.0,"(64,)",2,"{'alpha': 100000.0, 'hidden_layer_sizes': (64,), 'random_state': 2}",0.55,0.55,0.0,260,0.5416666666666666,0.5416666666666666,0.0
351,836.3303625583649,0.0,0.01598978042602539,0.0,100000.0,"(1024,)",3,"{'alpha': 100000.0, 'hidden_layer_sizes': (1024,), 'random_state': 3}",0.55,0.55,0.0,260,0.5416666666666666,0.5416666666666666,0.0
350,1110.1318106651306,0.0,0.015996694564819336,0.0,100000.0,"(1024,)",2,"{'alpha': 100000.0, 'hidden_layer_sizes': (1024,), 'random_state': 2}",0.55,0.55,0.0,260,0.541875,0.541875,0.0
323,4.613998889923096,0.0,0.0020012855529785156,0.0,100000.0,"(8,)",3,"{'alpha': 100000.0, 'hidden_layer_sizes': (8,), 'random_state': 3}",0.5483333333333333,0.5483333333333333,0.0,278,0.5395833333333333,0.5395833333333333,0.0
339,95.8329405784607,0.0,0.004000425338745117,0.0,100000.0,"(128,)",3,"{'alpha': 100000.0, 'hidden_layer_sizes': (128,), 'random_state': 3}",0.5483333333333333,0.5483333333333333,0.0,278,0.5414583333333333,0.5414583333333333,0.0
342,179.03488326072693,0.0,0.004998445510864258,0.0,100000.0,"(256,)",2,"{'alpha': 100000.0, 'hidden_layer_sizes': (256,), 'random_state': 2}",0.5483333333333333,0.5483333333333333,0.0,278,0.5414583333333333,0.5414583333333333,0.0
328,28.669998168945312,0.0,0.003000974655151367,0.0,100000.0,"(32,)",0,"{'alpha': 100000.0, 'hidden_layer_sizes': (32,), 'random_state': 0}",0.5483333333333333,0.5483333333333333,0.0,278,0.5402083333333333,0.5402083333333333,0.0
349,1013.8177375793457,0.0,0.014002799987792969,0.0,100000.0,"(1024,)",1,"{'alpha': 100000.0, 'hidden_layer_sizes': (1024,), 'random_state': 1}",0.5483333333333333,0.5483333333333333,0.0,278,0.5416666666666666,0.5416666666666666,0.0
325,3.73298978805542,0.0,0.002001047134399414,0.0,100000.0,"(16,)",1,"{'alpha': 100000.0, 'hidden_layer_sizes': (16,), 'random_state': 1}",0.5466666666666666,0.5466666666666666,0.0,283,0.5391666666666667,0.5391666666666667,0.0
320,3.193000555038452,0.0,0.0010001659393310547,0.0,100000.0,"(8,)",0,"{'alpha': 100000.0, 'hidden_layer_sizes': (8,), 'random_state': 0}",0.5466666666666666,0.5466666666666666,0.0,283,0.539375,0.539375,0.0
327,7.180997371673584,0.0,0.0019998550415039062,0.0,100000.0,"(16,)",3,"{'alpha': 100000.0, 'hidden_layer_sizes': (16,), 'random_state': 3}",0.5466666666666666,0.5466666666666666,0.0,283,0.5391666666666667,0.5391666666666667,0.0
322,3.431001663208008,0.0,0.0020003318786621094,0.0,100000.0,"(8,)",2,"{'alpha': 100000.0, 'hidden_layer_sizes': (8,), 'random_state': 2}",0.5466666666666666,0.5466666666666666,0.0,283,0.5391666666666667,0.5391666666666667,0.0
321,2.965993642807007,0.0,0.0019998550415039062,0.0,100000.0,"(8,)",1,"{'alpha': 100000.0, 'hidden_layer_sizes': (8,), 'random_state': 1}",0.5466666666666666,0.5466666666666666,0.0,283,0.539375,0.539375,0.0
335,14.87852931022644,0.0,0.003003358840942383,0.0,100000.0,"(64,)",3,"{'alpha': 100000.0, 'hidden_layer_sizes': (64,), 'random_state': 3}",0.5466666666666666,0.5466666666666666,0.0,283,0.5395833333333333,0.5395833333333333,0.0
326,8.152000665664673,0.0,0.0020012855529785156,0.0,100000.0,"(16,)",2,"{'alpha': 100000.0, 'hidden_layer_sizes': (16,), 'random_state': 2}",0.545,0.545,0.0,289,0.5395833333333333,0.5395833333333333,0.0
329,11.136993885040283,0.0,0.002000570297241211,0.0,100000.0,"(32,)",1,"{'alpha': 100000.0, 'hidden_layer_sizes': (32,), 'random_state': 1}",0.545,0.545,0.0,289,0.5391666666666667,0.5391666666666667,0.0
131,1.9449949264526367,0.0,0.002000570297241211,0.0,0.1,"(8,)",3,"{'alpha': 0.1, 'hidden_layer_sizes': (8,), 'random_state': 3}",0.545,0.545,0.0,289,0.5739583333333333,0.5739583333333333,0.0
324,7.080995321273804,0.0,0.0019974708557128906,0.0,100000.0,"(16,)",0,"{'alpha': 100000.0, 'hidden_layer_sizes': (16,), 'random_state': 0}",0.545,0.545,0.0,289,0.5395833333333333,0.5395833333333333,0.0
99,2.0750012397766113,0.0,0.002000093460083008,0.0,0.01,"(8,)",3,"{'alpha': 0.01, 'hidden_layer_sizes': (8,), 'random_state': 3}",0.5416666666666666,0.5416666666666666,0.0,293,0.580625,0.580625,0.0
193,1.3789863586425781,0.0,0.001999378204345703,0.0,10.0,"(8,)",1,"{'alpha': 10.0, 'hidden_layer_sizes': (8,), 'random_state': 1}",0.5383333333333332,0.5383333333333332,0.0,294,0.561875,0.561875,0.0
163,4.741999626159668,0.0,0.002999544143676758,0.0,1.0,"(8,)",3,"{'alpha': 1.0, 'hidden_layer_sizes': (8,), 'random_state': 3}",0.5366666666666667,0.5366666666666667,0.0,295,0.6122916666666667,0.6122916666666667,0.0
97,1.6270062923431396,0.0,0.0019991397857666016,0.0,0.01,"(8,)",1,"{'alpha': 0.01, 'hidden_layer_sizes': (8,), 'random_state': 1}",0.49000000000000005,0.49000000000000005,0.0,296,0.500625,0.500625,0.0
129,2.1949949264526367,0.0,0.0019998550415039062,0.0,0.1,"(8,)",1,"{'alpha': 0.1, 'hidden_layer_sizes': (8,), 'random_state': 1}",0.49,0.49,0.0,297,0.5214583333333334,0.5214583333333334,0.0
0,6.006997108459473,0.0,0.002998828887939453,0.0,1e-05,"(8,)",0,"{'alpha': 1e-05, 'hidden_layer_sizes': (8,), 'random_state': 0}",0.48833333333333334,0.48833333333333334,0.0,298,0.4979166666666666,0.4979166666666666,0.0
161,1.4560000896453857,0.0,0.0019998550415039062,0.0,1.0,"(8,)",1,"{'alpha': 1.0, 'hidden_layer_sizes': (8,), 'random_state': 1}",0.4816666666666667,0.4816666666666667,0.0,299,0.49124999999999996,0.49124999999999996,0.0
162,4.03999924659729,0.0,0.0019991397857666016,0.0,1.0,"(8,)",2,"{'alpha': 1.0, 'hidden_layer_sizes': (8,), 'random_state': 2}",0.4816666666666667,0.4816666666666667,0.0,299,0.4979166666666666,0.4979166666666666,0.0
167,3.052999496459961,0.0,0.0020008087158203125,0.0,1.0,"(16,)",3,"{'alpha': 1.0, 'hidden_layer_sizes': (16,), 'random_state': 3}",0.47500000000000003,0.47500000000000003,0.0,301,0.5277083333333333,0.5277083333333333,0.0
160,8.424987316131592,0.0,0.0019998550415039062,0.0,1.0,"(8,)",0,"{'alpha': 1.0, 'hidden_layer_sizes': (8,), 'random_state': 0}",0.465,0.465,0.0,302,0.5077083333333334,0.5077083333333334,0.0
98,1.7889988422393799,0.0,0.002000093460083008,0.0,0.01,"(8,)",2,"{'alpha': 0.01, 'hidden_layer_sizes': (8,), 'random_state': 2}",0.4633333333333334,0.4633333333333334,0.0,303,0.4675,0.4675,0.0
3,0.9219970703125,0.0,0.0019991397857666016,0.0,1e-05,"(8,)",3,"{'alpha': 1e-05, 'hidden_layer_sizes': (8,), 'random_state': 3}",0.46166666666666667,0.46166666666666667,0.0,304,0.4652083333333333,0.4652083333333333,0.0
1,0.6359989643096924,0.0,0.0019986629486083984,0.0,1e-05,"(8,)",1,"{'alpha': 1e-05, 'hidden_layer_sizes': (8,), 'random_state': 1}",0.4583333333333333,0.4583333333333333,0.0,305,0.45916666666666667,0.45916666666666667,0.0
65,0.403001070022583,0.0,0.0019998550415039062,0.0,0.001,"(8,)",1,"{'alpha': 0.001, 'hidden_layer_sizes': (8,), 'random_state': 1}",0.4566666666666667,0.4566666666666667,0.0,306,0.45916666666666667,0.45916666666666667,0.0
66,1.2450001239776611,0.0,0.0029990673065185547,0.0,0.001,"(8,)",2,"{'alpha': 0.001, 'hidden_layer_sizes': (8,), 'random_state': 2}",0.4566666666666667,0.4566666666666667,0.0,306,0.46625,0.46625,0.0
39,1.936000108718872,0.0,0.0019998550415039062,0.0,0.0001,"(16,)",3,"{'alpha': 0.0001, 'hidden_layer_sizes': (16,), 'random_state': 3}",0.4566666666666667,0.4566666666666667,0.0,306,0.47770833333333335,0.47770833333333335,0.0
130,4.742000341415405,0.0,0.002000093460083008,0.0,0.1,"(8,)",2,"{'alpha': 0.1, 'hidden_layer_sizes': (8,), 'random_state': 2}",0.45333333333333337,0.45333333333333337,0.0,309,0.48374999999999996,0.48374999999999996,0.0
308,1.6430015563964844,0.0,0.003999471664428711,0.0,10000.0,"(256,)",0,"{'alpha': 10000.0, 'hidden_layer_sizes': (256,), 'random_state': 0}",0.4533333333333333,0.4533333333333333,0.0,310,0.4502083333333333,0.4502083333333333,0.0
67,0.9710037708282471,0.0,0.002001047134399414,0.0,0.001,"(8,)",3,"{'alpha': 0.001, 'hidden_layer_sizes': (8,), 'random_state': 3}",0.45,0.45,0.0,311,0.4535416666666667,0.4535416666666667,0.0
34,2.5330007076263428,0.0,0.0020003318786621094,0.0,0.0001,"(8,)",2,"{'alpha': 0.0001, 'hidden_layer_sizes': (8,), 'random_state': 2}",0.4466666666666667,0.4466666666666667,0.0,312,0.47500000000000003,0.47500000000000003,0.0
33,0.5150027275085449,0.0,0.002002716064453125,0.0,0.0001,"(8,)",1,"{'alpha': 0.0001, 'hidden_layer_sizes': (8,), 'random_state': 1}",0.445,0.445,0.0,313,0.4447916666666667,0.4447916666666667,0.0
35,0.7190008163452148,0.0,0.0020017623901367188,0.0,0.0001,"(8,)",3,"{'alpha': 0.0001, 'hidden_layer_sizes': (8,), 'random_state': 3}",0.4366666666666667,0.4366666666666667,0.0,314,0.4395833333333334,0.4395833333333334,0.0
192,2.072002410888672,0.0,0.0020003318786621094,0.0,10.0,"(8,)",0,"{'alpha': 10.0, 'hidden_layer_sizes': (8,), 'random_state': 0}",0.43500000000000005,0.43500000000000005,0.0,315,0.45875,0.45875,0.0
64,2.725998878479004,0.0,0.002999544143676758,0.0,0.001,"(8,)",0,"{'alpha': 0.001, 'hidden_layer_sizes': (8,), 'random_state': 0}",0.435,0.435,0.0,316,0.45479166666666665,0.45479166666666665,0.0
135,1.9099993705749512,0.0,0.002999544143676758,0.0,0.1,"(16,)",3,"{'alpha': 0.1, 'hidden_layer_sizes': (16,), 'random_state': 3}",0.42,0.42,0.0,317,0.43083333333333335,0.43083333333333335,0.0
32,1.2999985218048096,0.0,0.0019998550415039062,0.0,0.0001,"(8,)",0,"{'alpha': 0.0001, 'hidden_layer_sizes': (8,), 'random_state': 0}",0.4116666666666667,0.4116666666666667,0.0,318,0.40458333333333335,0.40458333333333335,0.0
128,1.9969978332519531,0.0,0.0020003318786621094,0.0,0.1,"(8,)",0,"{'alpha': 0.1, 'hidden_layer_sizes': (8,), 'random_state': 0}",0.40166666666666667,0.40166666666666667,0.0,319,0.399375,0.399375,0.0
2,1.5120007991790771,0.0,0.0019991397857666016,0.0,1e-05,"(8,)",2,"{'alpha': 1e-05, 'hidden_layer_sizes': (8,), 'random_state': 2}",0.39666666666666667,0.39666666666666667,0.0,320,0.4014583333333333,0.4014583333333333,0.0
7,0.5980017185211182,0.0,0.0019991397857666016,0.0,1e-05,"(16,)",3,"{'alpha': 1e-05, 'hidden_layer_sizes': (16,), 'random_state': 3}",0.35333333333333333,0.35333333333333333,0.0,321,0.37333333333333335,0.37333333333333335,0.0
103,1.215993881225586,0.0,0.0019989013671875,0.0,0.01,"(16,)",3,"{'alpha': 0.01, 'hidden_layer_sizes': (16,), 'random_state': 3}",0.335,0.335,0.0,322,0.3658333333333333,0.3658333333333333,0.0
29,4.822000980377197,0.0,0.009997844696044922,0.0,1e-05,"(1024,)",1,"{'alpha': 1e-05, 'hidden_layer_sizes': (1024,), 'random_state': 1}",0.33,0.33,0.0,323,0.3310416666666667,0.3310416666666667,0.0
61,4.782274484634399,0.0,0.010000228881835938,0.0,0.0001,"(1024,)",1,"{'alpha': 0.0001, 'hidden_layer_sizes': (1024,), 'random_state': 1}",0.33,0.33,0.0,323,0.3310416666666667,0.3310416666666667,0.0
253,4.91500186920166,0.0,0.01199960708618164,0.0,100.0,"(1024,)",1,"{'alpha': 100.0, 'hidden_layer_sizes': (1024,), 'random_state': 1}",0.33,0.33,0.0,323,0.3310416666666667,0.3310416666666667,0.0
93,4.957013845443726,0.0,0.011986732482910156,0.0,0.001,"(1024,)",1,"{'alpha': 0.001, 'hidden_layer_sizes': (1024,), 'random_state': 1}",0.33,0.33,0.0,323,0.3310416666666667,0.3310416666666667,0.0
221,4.93100118637085,0.0,0.013005971908569336,0.0,10.0,"(1024,)",1,"{'alpha': 10.0, 'hidden_layer_sizes': (1024,), 'random_state': 1}",0.33,0.33,0.0,323,0.3310416666666667,0.3310416666666667,0.0
125,4.963009834289551,0.0,0.012998580932617188,0.0,0.01,"(1024,)",1,"{'alpha': 0.01, 'hidden_layer_sizes': (1024,), 'random_state': 1}",0.33,0.33,0.0,323,0.3310416666666667,0.3310416666666667,0.0
285,4.827038764953613,0.0,0.010999917984008789,0.0,1000.0,"(1024,)",1,"{'alpha': 1000.0, 'hidden_layer_sizes': (1024,), 'random_state': 1}",0.33,0.33,0.0,323,0.3310416666666667,0.3310416666666667,0.0
189,4.872010231018066,0.0,0.012998819351196289,0.0,1.0,"(1024,)",1,"{'alpha': 1.0, 'hidden_layer_sizes': (1024,), 'random_state': 1}",0.33,0.33,0.0,323,0.3310416666666667,0.3310416666666667,0.0
157,4.9720001220703125,0.0,0.011002779006958008,0.0,0.1,"(1024,)",1,"{'alpha': 0.1, 'hidden_layer_sizes': (1024,), 'random_state': 1}",0.33,0.33,0.0,323,0.3310416666666667,0.3310416666666667,0.0
247,1.1839938163757324,0.0,0.004998683929443359,0.0,100.0,"(256,)",3,"{'alpha': 100.0, 'hidden_layer_sizes': (256,), 'random_state': 3}",0.325,0.325,0.0,332,0.3275,0.3275,0.0
279,1.1929950714111328,0.0,0.0049915313720703125,0.0,1000.0,"(256,)",3,"{'alpha': 1000.0, 'hidden_layer_sizes': (256,), 'random_state': 3}",0.325,0.325,0.0,332,0.3275,0.3275,0.0
215,1.273998498916626,0.0,0.004004478454589844,0.0,10.0,"(256,)",3,"{'alpha': 10.0, 'hidden_layer_sizes': (256,), 'random_state': 3}",0.325,0.325,0.0,332,0.3275,0.3275,0.0
23,1.259997844696045,0.0,0.004999637603759766,0.0,1e-05,"(256,)",3,"{'alpha': 1e-05, 'hidden_layer_sizes': (256,), 'random_state': 3}",0.325,0.325,0.0,332,0.3275,0.3275,0.0
183,1.1910016536712646,0.0,0.004997968673706055,0.0,1.0,"(256,)",3,"{'alpha': 1.0, 'hidden_layer_sizes': (256,), 'random_state': 3}",0.325,0.325,0.0,332,0.3275,0.3275,0.0
55,1.2840003967285156,0.0,0.004998445510864258,0.0,0.0001,"(256,)",3,"{'alpha': 0.0001, 'hidden_layer_sizes': (256,), 'random_state': 3}",0.325,0.325,0.0,332,0.3275,0.3275,0.0
119,1.2779955863952637,0.0,0.0040018558502197266,0.0,0.01,"(256,)",3,"{'alpha': 0.01, 'hidden_layer_sizes': (256,), 'random_state': 3}",0.325,0.325,0.0,332,0.3275,0.3275,0.0
87,1.2639994621276855,0.0,0.005000591278076172,0.0,0.001,"(256,)",3,"{'alpha': 0.001, 'hidden_layer_sizes': (256,), 'random_state': 3}",0.325,0.325,0.0,332,0.3275,0.3275,0.0
151,1.270000696182251,0.0,0.005002498626708984,0.0,0.1,"(256,)",3,"{'alpha': 0.1, 'hidden_layer_sizes': (256,), 'random_state': 3}",0.325,0.325,0.0,332,0.3275,0.3275,0.0
142,0.32700109481811523,0.0,0.0020003318786621094,0.0,0.1,"(64,)",2,"{'alpha': 0.1, 'hidden_layer_sizes': (64,), 'random_state': 2}",0.3183333333333333,0.3183333333333333,0.0,341,0.31833333333333336,0.31833333333333336,0.0
174,0.3260002136230469,0.0,0.0030002593994140625,0.0,1.0,"(64,)",2,"{'alpha': 1.0, 'hidden_layer_sizes': (64,), 'random_state': 2}",0.3183333333333333,0.3183333333333333,0.0,341,0.31833333333333336,0.31833333333333336,0.0
46,0.32599806785583496,0.0,0.0030002593994140625,0.0,0.0001,"(64,)",2,"{'alpha': 0.0001, 'hidden_layer_sizes': (64,), 'random_state': 2}",0.3183333333333333,0.3183333333333333,0.0,341,0.31833333333333336,0.31833333333333336,0.0
206,0.33599114418029785,0.0,0.0030024051666259766,0.0,10.0,"(64,)",2,"{'alpha': 10.0, 'hidden_layer_sizes': (64,), 'random_state': 2}",0.3183333333333333,0.3183333333333333,0.0,341,0.31833333333333336,0.31833333333333336,0.0
14,0.3279993534088135,0.0,0.0029990673065185547,0.0,1e-05,"(64,)",2,"{'alpha': 1e-05, 'hidden_layer_sizes': (64,), 'random_state': 2}",0.3183333333333333,0.3183333333333333,0.0,341,0.31833333333333336,0.31833333333333336,0.0
110,0.32899999618530273,0.0,0.002999544143676758,0.0,0.01,"(64,)",2,"{'alpha': 0.01, 'hidden_layer_sizes': (64,), 'random_state': 2}",0.3183333333333333,0.3183333333333333,0.0,341,0.31833333333333336,0.31833333333333336,0.0
270,0.3461031913757324,0.0,0.001993417739868164,0.0,1000.0,"(64,)",2,"{'alpha': 1000.0, 'hidden_layer_sizes': (64,), 'random_state': 2}",0.3183333333333333,0.3183333333333333,0.0,341,0.31833333333333336,0.31833333333333336,0.0
238,0.3359980583190918,0.0,0.003000497817993164,0.0,100.0,"(64,)",2,"{'alpha': 100.0, 'hidden_layer_sizes': (64,), 'random_state': 2}",0.3183333333333333,0.3183333333333333,0.0,341,0.31833333333333336,0.31833333333333336,0.0
78,0.32799839973449707,0.0,0.0030031204223632812,0.0,0.001,"(64,)",2,"{'alpha': 0.001, 'hidden_layer_sizes': (64,), 'random_state': 2}",0.3183333333333333,0.3183333333333333,0.0,341,0.31833333333333336,0.31833333333333336,0.0
199,0.6050007343292236,0.0,0.0019989013671875,0.0,10.0,"(16,)",3,"{'alpha': 10.0, 'hidden_layer_sizes': (16,), 'random_state': 3}",0.30833333333333335,0.30833333333333335,0.0,350,0.32208333333333333,0.32208333333333333,0.0
71,0.4790010452270508,0.0,0.0029990673065185547,0.0,0.001,"(16,)",3,"{'alpha': 0.001, 'hidden_layer_sizes': (16,), 'random_state': 3}",0.28833333333333333,0.28833333333333333,0.0,351,0.32583333333333336,0.32583333333333336,0.0
96,1.156996488571167,0.0,0.0020008087158203125,0.0,0.01,"(8,)",0,"{'alpha': 0.01, 'hidden_layer_sizes': (8,), 'random_state': 0}",0.27499999999999997,0.27499999999999997,0.0,352,0.285625,0.285625,0.0
